{
    "spec":"1.0",
    "repotype":"purekfdextended",
    "name": "PureKFD Repo",
    "description": "The PureKFD Essentials!",
    "icon": "icons/RepoIcon.png",
    "featured": [
        {
          "name": "Color Manager",
          "bundleid": "uwu.lrdsnow.colors",
          "banner": "icons/PlaceHolderBanner.png"
        },
        {
          "name": "Resolution Setter",
          "bundleid": "uwu.lrdsnow.resset",
          "banner": "icons/PlaceHolderBanner.png"
        }
    ],
    "packages": [
        {
            "name": "PureKFD Color Manager",
            "bundleid": "uwu.lrdsnow.colors",
            "author": "Lrdsnow",
            "description": "Change your Springboard Colors!",
            "version": "1.1",
            "icon": "icons/RepoIcon.png",
            "banner":"icons/PlaceHolderBanner.png",
            "path": "pkgs/uwu.lrdsnow.colors.purekfd",
            "screenshots":["icons/PlaceHolderScreenshot.png"]
        },
        {
            "name": "Preference's Test",
            "bundleid": "uwu.lrdsnow.test",
            "author": "Lrdsnow",
            "description": "Test",
            "long_description": "Test",
            "version": "1.0",
            "icon": "icons/RepoIcon.png",
            "banner":"icons/PlaceHolderBanner.png",
            "path": "pkgs/uwu.lrdsnow.test.purekfd",
            "screenshots":["icons/PlaceHolderScreenshot.png"]
        },
        {
            "name": "Resolution Setter",
            "bundleid": "uwu.lrdsnow.resset",
            "author": "Lrdsnow",
            "description": "Sets Your Resolution",
            "version": "1.0",
            "icon": "icons/RepoIcon.png",
            "banner":"icons/PlaceHolderBanner.png",
            "path": "pkgs/uwu.lrdsnow.resset.purekfd",
            "screenshots":["icons/PlaceHolderScreenshot.png"]
        },
        {
            "name": "Remove 3 App Limit (MDC)",
            "bundleid": "uwu.lrdsnow.remove3app",
            "author": "Lrdsnow",
            "description": "Removes the 3 app limit (MDC ONLY!!!)",
            "long_description": "Requires PureKFD v4.1+",
            "version": "1.0",
            "icon": "icons/RepoIcon.png",
            "banner":"icons/PlaceHolderBanner.png",
            "path": "pkgs/uwu.lrdsnow.remove3app.purekfd",
            "screenshots":["icons/PlaceHolderScreenshot.png"]
        }
    ]
}
